{"cameraMode":{"drawMode":0,"name":"Shaded","section":"Shading Mode"},"sceneLighting":true,"audioPlay":false,"sceneViewState":{"m_AlwaysRefresh":false,"showFog":true,"showSkybox":true,"showFlares":true,"showImageEffects":true,"showParticleSystems":true,"showVisualEffectGraphs":true,"m_FxEnabled":true},"in2DMode":false,"pivot":{"x":-12.187665939331055,"y":1.0215802192687989,"z":-0.7620916366577148},"rotation":{"x":0.17989283800125123,"y":-0.014754705131053925,"z":0.0026985921431332828,"w":0.9835724830627441},"size":8.414811134338379,"orthographic":false}